id,nombre,apellidos,email,edad
1,Ashby,Poxson,apoxson0@smugmug.com,23
2,Deloris,Stump,dstump1@ucoz.ru,15
3,Iago,Stanmer,istanmer2@alexa.com,18
4,Constantine,Janu,cjanu3@linkedin.com,34
5,Dori,Fendlow,dfendlow4@paginegialle.it,35
6,Rikki,Bucher,rbucher5@loc.gov,23
7,Emalia,Collington,ecollington6@youku.com,34
8,Letisha,Hartgill,lhartgill7@is.gd,30
9,Trisha,Powney,tpowney8@businesswire.com,35
10,Verna,Minors,vminors9@jimdo.com,16
11,Abrahan,Presslie,apressliea@desdev.cn,33
12,Nahum,Newey,nneweyb@sakura.ne.jp,21
13,Sissy,Dorro,sdorroc@paypal.com,21
14,Aleksandr,Twiddle,atwiddled@state.tx.us,18
15,Maurice,Holhouse,mholhousee@oaic.gov.au,31
16,Julee,Bassham,jbasshamf@github.com,17
17,Kelcey,Crosfield,kcrosfieldg@weather.com,28
18,Bridgette,Sycamore,bsycamoreh@moonfruit.com,18
19,Nissie,Ivushkin,nivushkini@alibaba.com,34
20,Olva,Waldram,owaldramj@youtu.be,36
21,Susette,Anfossi,sanfossik@netlog.com,23
22,Jena,Mathelin,jmathelinl@ask.com,39
23,Nalani,Dunmore,ndunmorem@sitemeter.com,38
24,Alice,Gianolo,agianolon@yahoo.co.jp,25
25,Trey,Darcey,tdarceyo@amazon.co.uk,37
26,Storm,Bradick,sbradickp@unesco.org,17
27,Darnell,Fison,dfisonq@lulu.com,21
28,Olenka,Beckwith,obeckwithr@barnesandnoble.com,31
29,Maggie,Truce,mtruces@t.co,23
30,Paxon,Keeltagh,pkeeltaght@xing.com,25
31,Cherlyn,Studart,cstudartu@princeton.edu,33
32,Blythe,Lebrun,blebrunv@slideshare.net,18
33,Bogart,Giron,bgironw@theglobeandmail.com,37
34,Fairleigh,Foskew,ffoskewx@hibu.com,22
35,Nikolas,Avrahamof,navrahamofy@blogtalkradio.com,34
36,Charissa,Sulman,csulmanz@chronoengine.com,33
37,Sherye,Gillespie,sgillespie10@ameblo.jp,33
38,Lyndsie,Alesin,lalesin11@uol.com.br,40
39,Mada,Bonnette,mbonnette12@businessinsider.com,25
40,Tori,Rosevear,trosevear13@usgs.gov,40
41,Iona,Renyard,irenyard14@telegraph.co.uk,34
42,Jere,Cosgrave,jcosgrave15@barnesandnoble.com,20
43,Arluene,Voaden,avoaden16@friendfeed.com,26
44,Codi,Creigan,ccreigan17@go.com,27
45,Lucinda,Boobyer,lboobyer18@columbia.edu,23
46,Sarina,Godleman,sgodleman19@miibeian.gov.cn,19
47,Dorothee,O'Devey,dodevey1a@mlb.com,28
48,Kimberly,Samper,ksamper1b@soup.io,33
49,Lauralee,Lawful,llawful1c@prnewswire.com,25
50,Zarah,Licciardo,zlicciardo1d@yelp.com,17
51,Ruperta,Bosche,rbosche1e@bbb.org,18
52,Otha,Leadbitter,oleadbitter1f@baidu.com,19
53,Izabel,Bampfield,ibampfield1g@google.it,40
54,Sheela,Songest,ssongest1h@ft.com,32
55,Dorolisa,Verrill,dverrill1i@pagesperso-orange.fr,32
56,Kim,Aitkenhead,kaitkenhead1j@xing.com,25
57,Ganny,Greenalf,ggreenalf1k@theguardian.com,28
58,Finn,Crauford,fcrauford1l@trellian.com,27
59,Jeanna,Challis,jchallis1m@techcrunch.com,37
60,Urbanus,Corton,ucorton1n@nifty.com,24
61,Bruce,Philippet,bphilippet1o@uiuc.edu,17
62,Rogers,Keddey,rkeddey1p@berkeley.edu,20
63,Carver,Entwisle,centwisle1q@alexa.com,36
64,Fionna,Wederell,fwederell1r@reference.com,22
65,Thomasin,Huckfield,thuckfield1s@uol.com.br,23
66,Ring,Jurczyk,rjurczyk1t@arstechnica.com,36
67,Reggi,Gilli,rgilli1u@nhs.uk,29
68,Dael,Blincoe,dblincoe1v@furl.net,29
69,Rivi,Clarricoates,rclarricoates1w@altervista.org,30
70,Vincents,Blakden,vblakden1x@squarespace.com,34
71,Mel,Bellefant,mbellefant1y@vinaora.com,35
72,Jimmy,Cossons,jcossons1z@tamu.edu,25
73,Lindy,Allden,lallden20@salon.com,28
74,Melitta,Hewlings,mhewlings21@bigcartel.com,24
75,Anna-maria,Dight,adight22@cocolog-nifty.com,29
76,Hansiain,Birtles,hbirtles23@bloglovin.com,32
77,Valida,Nelm,vnelm24@unc.edu,15
78,Port,Hyndson,phyndson25@seattletimes.com,29
79,Colby,Orritt,corritt26@discovery.com,19
80,Rory,Fowley,rfowley27@cdc.gov,35
81,Kirstyn,Dinis,kdinis28@sourceforge.net,31
82,Bert,Brine,bbrine29@mashable.com,20
83,Hestia,Kleanthous,hkleanthous2a@meetup.com,39
84,Brear,Readitt,breaditt2b@howstuffworks.com,33
85,Stace,Handy,shandy2c@youtube.com,40
86,Janette,Rennard,jrennard2d@umn.edu,29
87,Emelyne,Thresh,ethresh2e@lycos.com,33
88,Tami,Goddard,tgoddard2f@ed.gov,36
89,Sargent,Rought,srought2g@hud.gov,21
90,Ardella,Dornan,adornan2h@europa.eu,17
91,Wright,Habbes,whabbes2i@redcross.org,21
92,Noreen,Sterzaker,nsterzaker2j@blogger.com,22
93,Gherardo,Grastye,ggrastye2k@ebay.co.uk,17
94,Marilyn,Pudge,mpudge2l@newyorker.com,40
95,Orelia,Cratchley,ocratchley2m@pen.io,17
96,Shandee,Goggan,sgoggan2n@sourceforge.net,16
97,Zebadiah,Braundt,zbraundt2o@bloglines.com,38
98,Ozzy,Ratt,oratt2p@163.com,15
99,Otes,Dublin,odublin2q@thetimes.co.uk,15
100,Durward,Simmell,dsimmell2r@slideshare.net,15
101,Dee dee,Seleway,dseleway2s@ed.gov,16
102,Thalia,Wilshire,twilshire2t@smugmug.com,38
103,Dillon,Killigrew,dkilligrew2u@java.com,18
104,Gay,Rannie,grannie2v@ezinearticles.com,18
105,Rosanne,Roper,rroper2w@squidoo.com,23
106,Mandi,Dowson,mdowson2x@live.com,21
107,Carita,Keetch,ckeetch2y@hhs.gov,25
108,Monique,Medhurst,mmedhurst2z@prweb.com,24
109,Shalne,Vanyutin,svanyutin30@va.gov,18
110,Parry,Reedy,preedy31@youtu.be,15
111,Victoir,Phair,vphair32@umich.edu,33
112,Crista,Brabin,cbrabin33@tripod.com,24
113,Maryl,Shulver,mshulver34@blogs.com,31
114,Wendel,Matis,wmatis35@google.com.hk,19
115,Sher,Sambidge,ssambidge36@hugedomains.com,25
116,Shela,Raywood,sraywood37@adobe.com,15
117,Dayle,Imos,dimos38@nyu.edu,25
118,Ermanno,Broadberry,ebroadberry39@reuters.com,32
119,Howey,Dollard,hdollard3a@auda.org.au,19
120,Kaitlynn,Pim,kpim3b@bbb.org,22
121,Brandea,Dickson,bdickson3c@huffingtonpost.com,38
122,Viole,Sidebotton,vsidebotton3d@bandcamp.com,33
123,Deerdre,Hartle,dhartle3e@jalbum.net,25
124,Zerk,Jerrom,zjerrom3f@angelfire.com,27
125,Clim,Jans,cjans3g@ibm.com,23
126,Leontine,Savory,lsavory3h@wikimedia.org,19
127,Matilde,Fibben,mfibben3i@uol.com.br,31
128,Wye,De Freyne,wdefreyne3j@harvard.edu,17
129,Debera,Giannazzo,dgiannazzo3k@surveymonkey.com,20
130,Lelia,Tow,ltow3l@jimdo.com,25
131,Tiffanie,Nicholls,tnicholls3m@auda.org.au,15
132,Noach,Paur,npaur3n@multiply.com,15
133,Brockie,Woolstenholmes,bwoolstenholmes3o@dropbox.com,39
134,Ellsworth,Pyburn,epyburn3p@kickstarter.com,40
135,Karla,Jeduch,kjeduch3q@simplemachines.org,31
136,Ezequiel,Jarnell,ejarnell3r@theatlantic.com,20
137,Fawne,Polendine,fpolendine3s@opensource.org,26
138,Lavinia,Irons,lirons3t@jugem.jp,29
139,Ernie,Greenfield,egreenfield3u@independent.co.uk,37
140,Ketty,Dreigher,kdreigher3v@foxnews.com,16
141,Tobit,Le Provost,tleprovost3w@kickstarter.com,21
142,Keri,Safhill,ksafhill3x@shareasale.com,24
143,Maryanne,Shubotham,mshubotham3y@xinhuanet.com,35
144,Samantha,Alster,salster3z@sina.com.cn,36
145,Glenn,Kellitt,gkellitt40@economist.com,20
146,Christye,Aldren,caldren41@wix.com,20
147,Sheffield,Spraggs,sspraggs42@ovh.net,30
148,Gerardo,O'Kieran,gokieran43@furl.net,22
149,Dana,Stean,dstean44@umn.edu,21
150,Joshua,Jerrard,jjerrard45@ehow.com,19
151,Bliss,Duffree,bduffree46@wordpress.org,20
152,Lian,D'Orsay,ldorsay47@trellian.com,15
153,Aldous,Gladdifh,agladdifh48@stanford.edu,30
154,Glori,Wroth,gwroth49@slideshare.net,20
155,Prissie,Eversfield,peversfield4a@washingtonpost.com,40
156,Abra,Muzzlewhite,amuzzlewhite4b@mozilla.org,29
157,Isidore,Wollaston,iwollaston4c@dropbox.com,16
158,Dottie,Clementel,dclementel4d@163.com,34
159,Kass,Luck,kluck4e@amazonaws.com,38
160,Flem,Boorer,fboorer4f@cyberchimps.com,27
161,Gerri,Crepel,gcrepel4g@blogger.com,33
162,Urban,Springett,uspringett4h@time.com,23
163,Kareem,Polo,kpolo4i@barnesandnoble.com,28
164,Barron,Thynne,bthynne4j@sun.com,24
165,Maribelle,Moggan,mmoggan4k@booking.com,39
166,Randi,Gristhwaite,rgristhwaite4l@addthis.com,28
167,Corliss,Snoxall,csnoxall4m@toplist.cz,39
168,Kenny,Kempstone,kkempstone4n@bigcartel.com,29
169,Karil,January 1st,kjanuaryst4o@symantec.com,37
170,Tymon,Haywood,thaywood4p@blogspot.com,34
171,Malory,Balnaves,mbalnaves4q@shinystat.com,31
172,Gayelord,Goodby,ggoodby4r@hugedomains.com,22
173,Cristine,Chaudret,cchaudret4s@google.com,31
174,Paige,Proske,pproske4t@wordpress.com,28
175,Chad,Cockrill,ccockrill4u@booking.com,35
176,Ivory,Eykel,ieykel4v@sohu.com,29
177,Marnia,Faircliffe,mfaircliffe4w@gizmodo.com,22
178,Ganny,Cammiemile,gcammiemile4x@ovh.net,24
179,Doll,Kearford,dkearford4y@weather.com,27
180,Creigh,Megarrell,cmegarrell4z@phoca.cz,19
181,Adelina,Romaynes,aromaynes50@scribd.com,28
182,Carmel,Sergeant,csergeant51@woothemes.com,38
183,Cory,Cassely,ccassely52@google.co.uk,33
184,Jehu,Strevens,jstrevens53@businessinsider.com,17
185,Johnathon,Iozefovich,jiozefovich54@utexas.edu,22
186,Aloisia,Capell,acapell55@census.gov,26
187,Jonie,Haddrill,jhaddrill56@cmu.edu,36
188,Ara,Dorro,adorro57@rakuten.co.jp,30
189,Diann,Culwen,dculwen58@merriam-webster.com,36
190,Billi,Tomaello,btomaello59@youtube.com,38
191,Cornall,MacCaughey,cmaccaughey5a@csmonitor.com,27
192,Porty,Kayne,pkayne5b@businesswire.com,39
193,Paxon,MacGuigan,pmacguigan5c@hud.gov,18
194,Zacharia,Colman,zcolman5d@spiegel.de,28
195,Cherilyn,Chaman,cchaman5e@cafepress.com,26
196,Cristobal,Gooderick,cgooderick5f@liveinternet.ru,36
197,Derril,Sadry,dsadry5g@cisco.com,29
198,Calhoun,Ducker,cducker5h@ebay.com,21
199,Mathe,Kinnon,mkinnon5i@list-manage.com,33
200,Mina,Raft,mraft5j@cmu.edu,35
201,Fionna,Edie,fedie5k@sun.com,33
202,Kat,Exer,kexer5l@drupal.org,18
203,Marti,Cookney,mcookney5m@marriott.com,16
204,Jess,Wakeham,jwakeham5n@jalbum.net,21
205,Lanny,Irvine,lirvine5o@unicef.org,27
206,Mala,Parnell,mparnell5p@ihg.com,30
207,Beltran,Patry,bpatry5q@yolasite.com,19
208,Kristofor,Davies,kdavies5r@hubpages.com,32
209,Murielle,Jordon,mjordon5s@reference.com,24
210,Steffane,Itter,sitter5t@usda.gov,32
211,Cullie,Holehouse,cholehouse5u@about.me,23
212,Marwin,Kenryd,mkenryd5v@washingtonpost.com,16
213,Erwin,Kleinplatz,ekleinplatz5w@amazon.co.uk,24
214,Matthiew,Gilling,mgilling5x@accuweather.com,31
215,Bay,Lanmeid,blanmeid5y@pinterest.com,27
216,Kat,Grendon,kgrendon5z@apple.com,24
217,Bailey,Dormand,bdormand60@stumbleupon.com,40
218,Filide,Dametti,fdametti61@sitemeter.com,38
219,Bamby,Tacon,btacon62@ustream.tv,27
220,Elsi,Judd,ejudd63@eepurl.com,20
221,Monroe,Edmeades,medmeades64@springer.com,18
222,Graehme,Gourdon,ggourdon65@loc.gov,20
223,Bary,Alcide,balcide66@topsy.com,39
224,Mag,Manz,mmanz67@jigsy.com,24
225,Ransell,Mc Dermid,rmcdermid68@google.fr,19
226,Korney,Crassweller,kcrassweller69@mysql.com,33
227,Berri,Leftbridge,bleftbridge6a@latimes.com,29
228,Christabel,Benjamin,cbenjamin6b@msn.com,40
229,Valdemar,Bosnell,vbosnell6c@google.co.uk,39
230,Beauregard,Lemmertz,blemmertz6d@over-blog.com,39
231,Sheila,Odegaard,sodegaard6e@joomla.org,32
232,Lonnie,Flisher,lflisher6f@paypal.com,25
233,Shirley,Ithell,sithell6g@vk.com,29
234,Kyla,Wanell,kwanell6h@webmd.com,25
235,Virginie,Boosey,vboosey6i@upenn.edu,17
236,Curr,Vanyashin,cvanyashin6j@jimdo.com,39
237,Shelba,Letteresse,sletteresse6k@gnu.org,28
238,Rollin,Lindermann,rlindermann6l@homestead.com,37
239,Liana,Warham,lwarham6m@wikispaces.com,30
240,Kermie,Bridgewater,kbridgewater6n@blinklist.com,34
241,Augustin,Jahnig,ajahnig6o@meetup.com,40
242,Mohammed,Mewburn,mmewburn6p@woothemes.com,23
243,Nelia,Beert,nbeert6q@skyrock.com,31
244,Rustin,Flintoff,rflintoff6r@purevolume.com,22
245,Tommie,Tyrer,ttyrer6s@weebly.com,16
246,Tiphani,Ratt,tratt6t@arstechnica.com,22
247,Marigold,Garret,mgarret6u@devhub.com,36
248,Sutton,Dorking,sdorking6v@amazon.de,40
249,Gideon,Arundel,garundel6w@oaic.gov.au,20
250,Padget,Alekhov,palekhov6x@slashdot.org,27
251,Tessy,Golder,tgolder6y@wisc.edu,32
252,Myriam,Jayes,mjayes6z@hexun.com,32
253,Etta,Newbery,enewbery70@google.es,26
254,Ellswerth,Varvell,evarvell71@plala.or.jp,21
255,Jim,Nuscha,jnuscha72@fda.gov,36
256,Kassandra,Tayspell,ktayspell73@acquirethisname.com,25
257,Pepito,Niland,pniland74@bigcartel.com,35
258,Sophi,Lawrenceson,slawrenceson75@digg.com,19
259,Serge,Drable,sdrable76@java.com,24
260,Dietrich,Yepiskopov,dyepiskopov77@examiner.com,27
261,Addy,Hoy,ahoy78@umn.edu,33
262,Janith,Crudginton,jcrudginton79@discuz.net,29
263,Car,Izak,cizak7a@weebly.com,40
264,Clo,Kelbie,ckelbie7b@blogger.com,16
265,Reginauld,Kiddell,rkiddell7c@wisc.edu,36
266,Karl,Riddeough,kriddeough7d@statcounter.com,38
267,Bennie,Wroe,bwroe7e@alexa.com,29
268,Warner,Greenstreet,wgreenstreet7f@businessinsider.com,36
269,Corene,Tytherton,ctytherton7g@wikipedia.org,26
270,Innis,Brisseau,ibrisseau7h@mit.edu,37
271,Derk,Cicero,dcicero7i@dmoz.org,40
272,Blakelee,Count,bcount7j@springer.com,22
273,Cesaro,Lutas,clutas7k@spotify.com,28
274,Aurie,McVicker,amcvicker7l@netlog.com,23
275,Lenka,Thoma,lthoma7m@abc.net.au,16
276,Willette,Laughtisse,wlaughtisse7n@wiley.com,32
277,Juan,Gillanders,jgillanders7o@fema.gov,37
278,Ester,Hugues,ehugues7p@ycombinator.com,36
279,Carmencita,Sails,csails7q@photobucket.com,29
280,Sharia,Grahame,sgrahame7r@freewebs.com,24
281,Jolynn,Dregan,jdregan7s@umn.edu,35
282,Adler,Dalton,adalton7t@usa.gov,31
283,Starla,Privost,sprivost7u@dot.gov,26
284,Garik,Schall,gschall7v@jalbum.net,24
285,Nicolette,Dallas,ndallas7w@senate.gov,17
286,Janka,Hallums,jhallums7x@163.com,20
287,Ree,Muir,rmuir7y@blogspot.com,22
288,Sapphire,Verriour,sverriour7z@virginia.edu,37
289,Mureil,Beech,mbeech80@printfriendly.com,29
290,Thomasa,Farleigh,tfarleigh81@uol.com.br,15
291,Elsbeth,Groarty,egroarty82@admin.ch,33
292,Christoper,Collihole,ccollihole83@biglobe.ne.jp,38
293,Abra,Cuseick,acuseick84@taobao.com,16
294,Cassaundra,Polye,cpolye85@nhs.uk,38
295,Jorge,Grover,jgrover86@dion.ne.jp,31
296,Marcellina,Stollberg,mstollberg87@vkontakte.ru,19
297,Charmion,Laurance,claurance88@privacy.gov.au,27
298,Earl,Taunton,etaunton89@omniture.com,30
299,Ronalda,Mayler,rmayler8a@hexun.com,40
300,Rozalie,Iacovielli,riacovielli8b@surveymonkey.com,26
301,Abbey,Pointer,apointer8c@mtv.com,17
302,Clayson,Poel,cpoel8d@wikimedia.org,23
303,Amery,Aveyard,aaveyard8e@ocn.ne.jp,32
304,Elianora,Whines,ewhines8f@slideshare.net,36
305,Jermaine,Arrol,jarrol8g@elpais.com,22
306,Staford,Loxly,sloxly8h@ow.ly,28
307,Noel,Van Leeuwen,nvanleeuwen8i@cocolog-nifty.com,17
308,Evyn,Cosson,ecosson8j@github.com,29
309,Alonso,Worters,aworters8k@usa.gov,23
310,Jenelle,Aldcorn,jaldcorn8l@dell.com,31
311,Belia,Torbett,btorbett8m@bing.com,20
312,Maribeth,Purrier,mpurrier8n@addtoany.com,20
313,Adel,Zieme,azieme8o@cdbaby.com,38
314,Laurent,Bandy,lbandy8p@tinyurl.com,16
315,Bradly,Veart,bveart8q@diigo.com,20
316,Terry,Ballintime,tballintime8r@europa.eu,38
317,Way,Tythe,wtythe8s@ustream.tv,25
318,Waylin,Coaten,wcoaten8t@arstechnica.com,37
319,Chance,Fosdike,cfosdike8u@trellian.com,31
320,Alexandra,Gercke,agercke8v@census.gov,38
321,Hardy,Guess,hguess8w@bigcartel.com,40
322,Tomasina,Placstone,tplacstone8x@addthis.com,30
323,Hall,Isbell,hisbell8y@senate.gov,20
324,Tamas,Giacubo,tgiacubo8z@zdnet.com,33
325,Pearle,Clucas,pclucas90@shutterfly.com,38
326,Dexter,Smaile,dsmaile91@amazon.co.jp,17
327,Nelle,Minichillo,nminichillo92@facebook.com,18
328,Zeke,Cardenoso,zcardenoso93@amazon.co.uk,37
329,Verne,Matiebe,vmatiebe94@mozilla.org,18
330,Wynn,Schule,wschule95@goo.gl,25
331,Oralee,Wearne,owearne96@diigo.com,15
332,Prudi,Bourtoumieux,pbourtoumieux97@rakuten.co.jp,24
333,Gwendolyn,Lainge,glainge98@about.me,32
334,Vaclav,Strephan,vstrephan99@uol.com.br,38
335,Silvano,Harnott,sharnott9a@gov.uk,21
336,Kitty,Rebanks,krebanks9b@meetup.com,36
337,Aldwin,Caville,acaville9c@nps.gov,28
338,Rey,Allom,rallom9d@tinyurl.com,30
339,Florance,Baitey,fbaitey9e@cpanel.net,20
340,Caleb,de Villier,cdevillier9f@themeforest.net,39
341,Onofredo,Kirckman,okirckman9g@berkeley.edu,16
342,Laurel,Paddie,lpaddie9h@google.com.au,18
343,Merrel,Jewar,mjewar9i@slashdot.org,18
344,Bone,Muselli,bmuselli9j@va.gov,19
345,Clemens,Grindrod,cgrindrod9k@java.com,26
346,Tobye,Tiffin,ttiffin9l@marketwatch.com,23
347,Ema,Hallowell,ehallowell9m@plala.or.jp,30
348,Dionne,Aukland,daukland9n@mozilla.com,21
349,Johan,Vautrey,jvautrey9o@slashdot.org,35
350,Wilburt,Riepl,wriepl9p@toplist.cz,20
351,Marleen,Kas,mkas9q@webeden.co.uk,39
352,Aldridge,Howford,ahowford9r@nytimes.com,38
353,Orton,MacKnockiter,omacknockiter9s@epa.gov,20
354,Waiter,Alvar,walvar9t@answers.com,15
355,Carlen,Plante,cplante9u@hp.com,36
356,Verena,Mardling,vmardling9v@ameblo.jp,17
357,Taryn,MacFarland,tmacfarland9w@tinyurl.com,17
358,Tish,Baxster,tbaxster9x@wordpress.com,17
359,Babb,Burtwell,bburtwell9y@google.com.br,26
360,Lara,Oloman,loloman9z@craigslist.org,22
361,Ivett,Banner,ibannera0@ed.gov,35
362,Rosalie,Drillot,rdrillota1@wunderground.com,36
363,Lorine,Riquet,lriqueta2@bbb.org,29
364,Barth,Mulmuray,bmulmuraya3@guardian.co.uk,34
365,Emelda,Cressor,ecressora4@bigcartel.com,22
366,Ulrika,Grigorey,ugrigoreya5@ft.com,23
367,Zacherie,Hick,zhicka6@elegantthemes.com,21
368,Godart,Beggini,gbegginia7@ustream.tv,21
369,Nickey,Dabinett,ndabinetta8@bloomberg.com,40
370,Gardener,Tindle,gtindlea9@mysql.com,15
371,Shanna,Lilburne,slilburneaa@europa.eu,37
372,Horatius,Trounson,htrounsonab@rakuten.co.jp,20
373,Yvette,Narracott,ynarracottac@hibu.com,31
374,Cesare,Claybourn,cclaybournad@vimeo.com,16
375,Halley,Hacquard,hhacquardae@bloglovin.com,28
376,Shermie,Aberkirder,saberkirderaf@eepurl.com,32
377,Jodie,Enstone,jenstoneag@ucla.edu,39
378,Eliot,Donalson,edonalsonah@macromedia.com,39
379,Isa,Borman,ibormanai@angelfire.com,36
380,Muffin,Mityukov,mmityukovaj@arstechnica.com,18
381,Lindon,Karadzas,lkaradzasak@histats.com,30
382,Forrest,Webb-Bowen,fwebbbowenal@scribd.com,22
383,Angele,Ryrie,aryrieam@wired.com,28
384,Rakel,Jillitt,rjillittan@hexun.com,37
385,Theobald,Kynett,tkynettao@netscape.com,20
386,See,Camfield,scamfieldap@cdbaby.com,19
387,Breena,Schimke,bschimkeaq@livejournal.com,17
388,Harrison,Stroyan,hstroyanar@wiley.com,39
389,Ashlen,Renault,arenaultas@bloglovin.com,36
390,Ailina,McClure,amcclureat@moonfruit.com,31
391,Joyous,Berr,jberrau@guardian.co.uk,40
392,Corrie,Eaglestone,ceaglestoneav@behance.net,20
393,Odella,Eglinton,oeglintonaw@prnewswire.com,29
394,Moyna,Howroyd,mhowroydax@google.com.au,32
395,Sunshine,Seignior,sseignioray@ftc.gov,38
396,Sharlene,Garrelts,sgarreltsaz@goo.ne.jp,16
397,Derron,Kolinsky,dkolinskyb0@dedecms.com,22
398,Hermie,Burchill,hburchillb1@pinterest.com,19
399,Trumaine,Stevings,tstevingsb2@netscape.com,19
400,Christian,Costain,ccostainb3@shareasale.com,26
401,Laetitia,Karlmann,lkarlmannb4@skype.com,20
402,Olia,Sworder,osworderb5@bloomberg.com,18
403,Claiborn,Stanistreet,cstanistreetb6@newyorker.com,35
404,Jenelle,Chessill,jchessillb7@friendfeed.com,25
405,Alphonso,Larmet,alarmetb8@odnoklassniki.ru,30
406,L;urette,Kimm,lkimmb9@un.org,31
407,Carlynne,Paridge,cparidgeba@unc.edu,23
408,Eleanor,Duxbury,eduxburybb@reverbnation.com,29
409,Alvie,Carloni,acarlonibc@paypal.com,15
410,Milt,Izakov,mizakovbd@wikimedia.org,37
411,Bridgette,Cesco,bcescobe@bigcartel.com,31
412,Lyndell,Asp,laspbf@vistaprint.com,29
413,Winfield,Harpham,wharphambg@auda.org.au,26
414,Stinky,Fulker,sfulkerbh@chicagotribune.com,15
415,Zarla,Swyer,zswyerbi@cam.ac.uk,36
416,Mureil,McLleese,mmclleesebj@nytimes.com,35
417,Maureen,Emig,memigbk@chronoengine.com,27
418,Timmy,Couthard,tcouthardbl@zimbio.com,24
419,Raine,McGrane,rmcgranebm@sfgate.com,25
420,Miof mela,Gyer,mgyerbn@ask.com,40
421,Rollo,Klimp,rklimpbo@tumblr.com,26
422,Taddeo,Blague,tblaguebp@ebay.co.uk,37
423,Brunhilda,Trivett,btrivettbq@fda.gov,38
424,Ingmar,Hardistry,ihardistrybr@earthlink.net,17
425,Noel,Heighton,nheightonbs@walmart.com,35
426,Loren,Cuthbert,lcuthbertbt@va.gov,21
427,Jacquenetta,Tessington,jtessingtonbu@earthlink.net,31
428,Tyler,Tanti,ttantibv@theguardian.com,25
429,Keven,Peatt,kpeattbw@wikia.com,40
430,Jorgan,Poluzzi,jpoluzzibx@wsj.com,20
431,Marsha,Dany,mdanyby@spotify.com,29
432,Boote,Pinching,bpinchingbz@pinterest.com,38
433,Isabelita,Adriano,iadrianoc0@google.com.br,20
434,Dolley,Siemandl,dsiemandlc1@seattletimes.com,20
435,Lilas,Beere,lbeerec2@mtv.com,28
436,Doretta,Dusey,dduseyc3@1und1.de,23
437,Edith,Trengrove,etrengrovec4@sphinn.com,28
438,Mylo,Clohisey,mclohiseyc5@eventbrite.com,26
439,Tess,Jozsika,tjozsikac6@jalbum.net,23
440,Del,Statham,dstathamc7@dyndns.org,17
441,Katleen,Antram,kantramc8@howstuffworks.com,33
442,Field,Grigore,fgrigorec9@foxnews.com,21
443,Josey,Sandaver,jsandaverca@epa.gov,30
444,Arlana,Burlingame,aburlingamecb@pen.io,32
445,Katusha,Devas,kdevascc@1und1.de,34
446,Gordy,Alekhov,galekhovcd@tinypic.com,30
447,Cindra,Bachelar,cbachelarce@techcrunch.com,39
448,Berrie,Restorick,brestorickcf@goo.gl,30
449,Nerissa,Garfoot,ngarfootcg@ebay.co.uk,38
450,Desdemona,Saffen,dsaffench@adobe.com,37
451,Binky,Chalke,bchalkeci@harvard.edu,17
452,Roxana,Claessens,rclaessenscj@statcounter.com,25
453,Tine,Farran,tfarranck@google.com.hk,22
454,Edeline,Moncrefe,emoncrefecl@elegantthemes.com,33
455,Clemente,Alyukin,calyukincm@java.com,31
456,Roosevelt,Hawksworth,rhawksworthcn@reddit.com,19
457,Cacilie,Sherbrook,csherbrookco@indiatimes.com,25
458,Nelli,Holywell,nholywellcp@canalblog.com,31
459,Tonnie,Nockells,tnockellscq@washington.edu,23
460,Feodora,Leates,fleatescr@wp.com,40
461,Sissy,Reims,sreimscs@imdb.com,25
462,Lenna,Braybrooke,lbraybrookect@omniture.com,36
463,Norbert,Schubuser,nschubusercu@mapy.cz,39
464,Broddie,Pagon,bpagoncv@webmd.com,39
465,Rolfe,Fieldsend,rfieldsendcw@seattletimes.com,21
466,Willabella,Donnellan,wdonnellancx@amazon.de,36
467,Andie,Guilloux,aguillouxcy@ucla.edu,26
468,Mahala,Denyukhin,mdenyukhincz@usnews.com,36
469,Koralle,Newlan,knewland0@networkadvertising.org,37
470,Quinn,Dowdall,qdowdalld1@patch.com,26
471,Maribeth,Heath,mheathd2@rediff.com,36
472,Atlanta,Manclark,amanclarkd3@ebay.co.uk,18
473,Parnell,Emanueli,pemanuelid4@goo.gl,18
474,Cullin,Luckhurst,cluckhurstd5@mysql.com,29
475,Myer,MacCumiskey,mmaccumiskeyd6@latimes.com,15
476,Nicolina,Posthill,nposthilld7@usa.gov,37
477,Cordy,Abethell,cabethelld8@jigsy.com,27
478,Olivie,Windross,owindrossd9@google.nl,23
479,Kanya,Gingle,kgingleda@usa.gov,28
480,Chelsea,McTurlough,cmcturloughdb@cornell.edu,35
481,Rollie,Doudny,rdoudnydc@hostgator.com,23
482,Rozele,Sherreard,rsherrearddd@bizjournals.com,24
483,Marve,Spiring,mspiringde@e-recht24.de,15
484,Lita,Deighan,ldeighandf@com.com,22
485,Robinson,Windeatt,rwindeattdg@about.com,26
486,Alanna,Ramirez,aramirezdh@comsenz.com,37
487,Isabeau,Ebdon,iebdondi@booking.com,36
488,Elsy,Gainsford,egainsforddj@tripod.com,18
489,Devon,Ould,doulddk@dot.gov,15
490,Lorie,Feragh,lferaghdl@cnet.com,32
491,Skye,De Andisie,sdeandisiedm@nationalgeographic.com,40
492,David,Thynne,dthynnedn@spotify.com,21
493,Wileen,Stace,wstacedo@is.gd,35
494,Allistir,Pinwell,apinwelldp@shareasale.com,22
495,Westleigh,Duigan,wduigandq@cocolog-nifty.com,40
496,Emmott,Brunner,ebrunnerdr@comsenz.com,27
497,Jojo,Folder,jfolderds@sbwire.com,18
498,Welby,Makeswell,wmakeswelldt@hugedomains.com,37
499,Esme,Louisot,elouisotdu@va.gov,24
500,Millisent,Tunn,mtunndv@paginegialle.it,40
501,Alla,Wellen,awellendw@g.co,35
502,Melva,Martino,mmartinodx@illinois.edu,19
503,Eldridge,Marr,emarrdy@shareasale.com,36
504,Ethelda,Riordan,eriordandz@umn.edu,25
505,Jock,Vignal,jvignale0@google.co.jp,35
506,Georgianna,Albone,galbonee1@stumbleupon.com,39
507,Jemmy,Cauldfield,jcauldfielde2@shareasale.com,25
508,Barr,Prott,bprotte3@bing.com,35
509,Toby,Flieg,tfliege4@digg.com,35
510,Brannon,Ingliby,binglibye5@icio.us,21
511,Cassandre,Albiston,calbistone6@weebly.com,27
512,Silas,Lowson,slowsone7@vkontakte.ru,37
513,Beryl,Seeks,bseekse8@google.fr,31
514,Lorrie,Chuney,lchuneye9@unblog.fr,39
515,Kenon,Parkinson,kparkinsonea@linkedin.com,26
516,Kennie,Restall,krestalleb@cocolog-nifty.com,23
517,Jackelyn,Garfit,jgarfitec@reddit.com,38
518,Dud,Preddle,dpreddleed@google.fr,36
519,Mendel,Spellissy,mspellissyee@cbc.ca,17
520,Wyatt,Breen,wbreenef@admin.ch,15
521,Chandal,Aspling,casplingeg@apple.com,34
522,Ingelbert,Bensusan,ibensusaneh@histats.com,35
523,Yasmeen,Robrow,yrobrowei@phoca.cz,36
524,Novelia,Coger,ncogerej@sitemeter.com,33
525,Hulda,Giannazzi,hgiannazziek@usnews.com,20
526,Benson,Kyle,bkyleel@ocn.ne.jp,17
527,Marisa,Picot,mpicotem@newsvine.com,33
528,Trevor,McGurk,tmcgurken@ucsd.edu,33
529,Jacobo,Sicely,jsicelyeo@narod.ru,28
530,Leonanie,Crookall,lcrookallep@nasa.gov,33
531,Perl,Bransdon,pbransdoneq@paginegialle.it,23
532,Tristam,Symson,tsymsoner@rediff.com,28
533,Cleopatra,Zorzoni,czorzonies@live.com,27
534,Barty,Seager,bseageret@msn.com,37
535,Petrina,Pulteneye,ppulteneyeeu@nymag.com,16
536,Staffard,Down,sdownev@google.com.au,26
537,Mariam,Boult,mboultew@bing.com,34
538,Lorine,Ordish,lordishex@go.com,35
539,Angelita,Bortolutti,abortoluttiey@merriam-webster.com,22
540,Leighton,Scorah,lscorahez@parallels.com,27
541,Bonnee,Haggard,bhaggardf0@loc.gov,39
542,Norean,Craft,ncraftf1@va.gov,28
543,Jill,Toolan,jtoolanf2@yellowbook.com,27
544,Elisa,Drewe,edrewef3@nhs.uk,24
545,Carmelia,Peasee,cpeaseef4@devhub.com,34
546,Patrick,Le febre,plefebref5@prnewswire.com,36
547,Pansie,Fothergill,pfothergillf6@photobucket.com,15
548,Carolin,Huggens,chuggensf7@mayoclinic.com,27
549,Paddy,Follis,pfollisf8@istockphoto.com,30
550,Morissa,Joynson,mjoynsonf9@jiathis.com,28
551,Brita,Povall,bpovallfa@yahoo.co.jp,17
552,Bobby,Quail,bquailfb@aol.com,26
553,Elisabet,Caurah,ecaurahfc@yellowpages.com,26
554,Gabie,Spelwood,gspelwoodfd@vk.com,24
555,Matt,Waterstone,mwaterstonefe@prnewswire.com,27
556,Camel,Simonel,csimonelff@google.com.br,35
557,Halli,Landsberg,hlandsbergfg@soundcloud.com,39
558,Magdalen,Fane,mfanefh@seattletimes.com,35
559,Gwenni,Dominguez,gdominguezfi@state.tx.us,33
560,Demetris,Abelson,dabelsonfj@thetimes.co.uk,27
561,Paul,Stuttman,pstuttmanfk@ihg.com,29
562,Celisse,Bassam,cbassamfl@odnoklassniki.ru,22
563,Caralie,Danielut,cdanielutfm@nature.com,34
564,Tine,Clemonts,tclemontsfn@businessweek.com,19
565,Pearce,Falkous,pfalkousfo@360.cn,39
566,Francine,Rankmore,frankmorefp@youtube.com,31
567,Sarge,Opy,sopyfq@google.ca,25
568,Roobbie,Woodyear,rwoodyearfr@google.com.br,17
569,Meryl,Doherty,mdohertyfs@abc.net.au,37
570,Dalenna,Toby,dtobyft@php.net,38
571,Celie,Seivertsen,cseivertsenfu@ebay.com,23
572,Cynthia,Frogley,cfrogleyfv@cloudflare.com,27
573,Rosana,Oglevie,rogleviefw@bloglovin.com,18
574,Malvina,Senton,msentonfx@foxnews.com,18
575,Roslyn,Sheldrick,rsheldrickfy@berkeley.edu,35
576,Basilio,Jenteau,bjenteaufz@hatena.ne.jp,20
577,Zita,Theurer,ztheurerg0@yahoo.co.jp,38
578,Abbot,Kennet,akennetg1@is.gd,18
579,Caria,Scimonelli,cscimonellig2@ocn.ne.jp,20
580,Dill,Pheby,dphebyg3@reddit.com,22
581,Nance,Cattlow,ncattlowg4@jiathis.com,21
582,Lil,Keel,lkeelg5@icq.com,16
583,Howard,Keniwell,hkeniwellg6@deviantart.com,34
584,Lorin,Ciobutaru,lciobutarug7@earthlink.net,20
585,Leonardo,McVanamy,lmcvanamyg8@fastcompany.com,33
586,Bernelle,Haylock,bhaylockg9@creativecommons.org,20
587,Stillman,Brou,sbrouga@reuters.com,25
588,Arlie,Whitwam,awhitwamgb@theatlantic.com,31
589,Flossi,Stelljes,fstelljesgc@nhs.uk,21
590,Gayler,Mitcheson,gmitchesongd@nbcnews.com,38
591,Ruperta,Priestley,rpriestleyge@yellowbook.com,38
592,Trudey,Padfield,tpadfieldgf@dmoz.org,34
593,Herold,Conen,hconengg@utexas.edu,18
594,Halimeda,Brecher,hbrechergh@liveinternet.ru,26
595,Virginia,Baalham,vbaalhamgi@oaic.gov.au,33
596,Samuel,Pinock,spinockgj@google.es,21
597,Bud,Ivanuschka,bivanuschkagk@canalblog.com,17
598,Che,Nardrup,cnardrupgl@sciencedirect.com,39
599,Matt,Thornhill,mthornhillgm@miibeian.gov.cn,26
600,Osbourn,Ferrers,oferrersgn@live.com,26
601,Shelly,Iannuzzi,siannuzzigo@flickr.com,26
602,Wake,todor,wtodorgp@ycombinator.com,34
603,Valerye,Cork,vcorkgq@auda.org.au,40
604,Arv,Ochiltree,aochiltreegr@ycombinator.com,28
605,Jennee,Cockaday,jcockadaygs@theatlantic.com,19
606,Vinnie,Plante,vplantegt@a8.net,35
607,Puff,Gianinotti,pgianinottigu@ask.com,28
608,Ira,Crutchfield,icrutchfieldgv@quantcast.com,22
609,Hildagarde,Beardsell,hbeardsellgw@1und1.de,15
610,Lukas,Sigart,lsigartgx@ning.com,28
611,Pierrette,Cristofano,pcristofanogy@lycos.com,23
612,Hersch,Danielian,hdanieliangz@indiegogo.com,15
613,Marika,McAviy,mmcaviyh0@oracle.com,15
614,Stepha,Paylor,spaylorh1@hubpages.com,40
615,Donny,Backson,dbacksonh2@so-net.ne.jp,19
616,Crissie,Nelson,cnelsonh3@fastcompany.com,16
617,Aloysius,De Lorenzo,adelorenzoh4@dell.com,20
618,Emilie,Bielfelt,ebielfelth5@redcross.org,36
619,Chrissy,Rakes,crakesh6@aol.com,35
620,Inglis,Leslie,ileslieh7@uol.com.br,20
621,Kimberley,MacQuaker,kmacquakerh8@npr.org,20
622,Dacy,Prettjohn,dprettjohnh9@yandex.ru,17
623,Sybil,Casiero,scasieroha@soundcloud.com,37
624,Skell,Liggens,sliggenshb@mashable.com,16
625,Nell,Puig,npuighc@virginia.edu,30
626,Shepherd,Beckford,sbeckfordhd@artisteer.com,30
627,Norean,Struttman,nstruttmanhe@unblog.fr,33
628,Sallie,Iianon,siianonhf@chron.com,26
629,Auguste,Heinritz,aheinritzhg@feedburner.com,16
630,Maria,Darell,mdarellhh@so-net.ne.jp,32
631,Hanson,Balnaves,hbalnaveshi@chicagotribune.com,30
632,Timothea,Sturt,tsturthj@digg.com,34
633,Gwenni,Macy,gmacyhk@ft.com,24
634,Lazar,Pleager,lpleagerhl@bloomberg.com,36
635,Thekla,Trask,ttraskhm@imageshack.us,21
636,Weber,Nancarrow,wnancarrowhn@tmall.com,37
637,Allix,Raffan,araffanho@weibo.com,34
638,Dane,Nation,dnationhp@youtube.com,36
639,Gaynor,Ellson,gellsonhq@kickstarter.com,15
640,Iolanthe,Pfaffe,ipfaffehr@adobe.com,30
641,Wolfy,Chapell,wchapellhs@joomla.org,26
642,Lin,Rutledge,lrutledgeht@epa.gov,40
643,Wilow,St. John,wstjohnhu@yahoo.com,38
644,Nelia,Ofen,nofenhv@about.me,30
645,Dasie,Bagge,dbaggehw@seesaa.net,28
646,Claudette,Meany,cmeanyhx@washington.edu,38
647,Eachelle,Ansley,eansleyhy@usnews.com,22
648,Shela,Adcocks,sadcockshz@patch.com,23
649,Matteo,Doran,mdorani0@miitbeian.gov.cn,15
650,Prinz,Dunnett,pdunnetti1@china.com.cn,37
651,Carissa,Sandy,csandyi2@feedburner.com,28
652,Marguerite,Grenshiels,mgrenshielsi3@imgur.com,37
653,Merle,Loverock,mloverocki4@forbes.com,31
654,Wilfrid,Grigoliis,wgrigoliisi5@live.com,23
655,Bunni,Poytheras,bpoytherasi6@thetimes.co.uk,22
656,Isak,Brummitt,ibrummitti7@uol.com.br,19
657,Brigg,MacPhaden,bmacphadeni8@jalbum.net,15
658,Elbertina,MacGuigan,emacguigani9@cafepress.com,35
659,Lurleen,Dwine,ldwineia@columbia.edu,21
660,Gabriel,Hailston,ghailstonib@xrea.com,36
661,Shandee,Jeynes,sjeynesic@zimbio.com,39
662,Gussy,Ren,grenid@jalbum.net,28
663,Alexia,Coley,acoleyie@imdb.com,39
664,Harwilll,Pidler,hpidlerif@china.com.cn,19
665,Stirling,Jurzyk,sjurzykig@dagondesign.com,28
666,Meade,Cardello,mcardelloih@multiply.com,30
667,Floyd,Burgill,fburgillii@usda.gov,15
668,Neron,Gane,nganeij@alibaba.com,29
669,Boony,Creelman,bcreelmanik@ustream.tv,27
670,Warden,Mourant,wmourantil@nbcnews.com,25
671,Ofella,Figg,ofiggim@bloglovin.com,17
672,Marve,Temporal,mtemporalin@nyu.edu,34
673,Grady,Andreazzi,gandreazziio@cbc.ca,20
674,Kimberlyn,Scrimgeour,kscrimgeourip@mysql.com,26
675,Loy,Ricardou,lricardouiq@illinois.edu,30
676,Valera,Bernette,vbernetteir@jugem.jp,23
677,Garrard,Fresson,gfressonis@istockphoto.com,36
678,Thomasin,Sherebrooke,tsherebrookeit@altervista.org,31
679,Godfree,MacFadin,gmacfadiniu@forbes.com,23
680,Denny,Rakestraw,drakestrawiv@nba.com,20
681,Michaella,Scholl,mscholliw@qq.com,34
682,Jasper,Charman,jcharmanix@youtube.com,26
683,Ferguson,Beckensall,fbeckensalliy@example.com,35
684,Darren,Devanny,ddevannyiz@seattletimes.com,27
685,Dawna,Courvert,dcourvertj0@ox.ac.uk,27
686,Rebekah,Praill,rpraillj1@illinois.edu,37
687,Leanna,Craw,lcrawj2@uol.com.br,32
688,Griffie,Kinkaid,gkinkaidj3@hud.gov,17
689,Annabela,Carse,acarsej4@addtoany.com,23
690,Aristotle,Toon,atoonj5@dedecms.com,30
691,Gabie,Winkless,gwinklessj6@flavors.me,26
692,Rutherford,Dacks,rdacksj7@un.org,25
693,Malvina,Screase,mscreasej8@mashable.com,37
694,Gwenni,Franzke,gfranzkej9@nps.gov,16
695,Gawen,Gircke,ggirckeja@ow.ly,39
696,Cordy,Stennett,cstennettjb@wufoo.com,31
697,Ozzy,Feldhorn,ofeldhornjc@blogtalkradio.com,22
698,Lawton,Shoute,lshoutejd@google.com.br,38
699,Rodrigo,Barracks,rbarracksje@berkeley.edu,21
700,Astra,Boss,abossjf@mapy.cz,27
701,Hedwig,Pegden,hpegdenjg@slate.com,25
702,Mallory,Delamere,mdelamerejh@nydailynews.com,29
703,Kendal,Slamaker,kslamakerji@google.cn,15
704,Vally,Dziwisz,vdziwiszjj@chicagotribune.com,40
705,Alexis,Hellwig,ahellwigjk@slate.com,27
706,Duffy,Burdin,dburdinjl@berkeley.edu,15
707,Wini,Renshell,wrenshelljm@paginegialle.it,17
708,Jilli,Pilger,jpilgerjn@ask.com,20
709,Guntar,Tiffany,gtiffanyjo@google.co.jp,19
710,Falito,Dikles,fdiklesjp@pen.io,35
711,Ginni,Dunphy,gdunphyjq@adobe.com,37
712,Junia,Gogan,jgoganjr@howstuffworks.com,38
713,Hyacinthie,Hebner,hhebnerjs@sitemeter.com,21
714,Aretha,Fellgett,afellgettjt@bloglines.com,17
715,Cristy,Arundel,carundelju@stumbleupon.com,16
716,Guy,Margetson,gmargetsonjv@netscape.com,15
717,Mariquilla,Matias,mmatiasjw@example.com,35
718,Clementine,Bony,cbonyjx@hatena.ne.jp,21
719,Monte,Skilbeck,mskilbeckjy@networkadvertising.org,40
720,Jarrid,Dorbon,jdorbonjz@wordpress.org,34
721,Elladine,Duddin,eduddink0@wordpress.org,18
722,Saunderson,Chavey,schaveyk1@mapquest.com,24
723,Aurelea,Quenby,aquenbyk2@people.com.cn,19
724,Eveline,Woolvett,ewoolvettk3@people.com.cn,26
725,Eimile,Brandreth,ebrandrethk4@disqus.com,30
726,Felicio,O'Suaird,fosuairdk5@sohu.com,37
727,Jesselyn,FitzGibbon,jfitzgibbonk6@devhub.com,25
728,Kylila,Fattorini,kfattorinik7@php.net,31
729,Aldus,Mundy,amundyk8@intel.com,19
730,Kaiser,McWhinnie,kmcwhinniek9@shareasale.com,21
731,Hester,Cremin,hcreminka@is.gd,28
732,Dallon,Jewers,djewerskb@tiny.cc,33
733,Nedi,Feeney,nfeeneykc@npr.org,33
734,Marissa,Sowrey,msowreykd@google.com.br,30
735,Rivalee,Megany,rmeganyke@artisteer.com,26
736,Devlen,Witcomb,dwitcombkf@purevolume.com,28
737,Celestina,Tongs,ctongskg@odnoklassniki.ru,25
738,Dorolice,Drummond,ddrummondkh@cdc.gov,25
739,Gillan,Antonich,gantonichki@is.gd,37
740,Arv,Parbrook,aparbrookkj@about.com,17
741,Hermy,Wollaston,hwollastonkk@blog.com,28
742,Suzette,McGeachy,smcgeachykl@live.com,15
743,Cherilyn,Mintram,cmintramkm@feedburner.com,28
744,Brit,Butts,bbuttskn@macromedia.com,23
745,Dill,Wiffler,dwifflerko@goo.ne.jp,35
746,Kimmie,Jzhakov,kjzhakovkp@vk.com,40
747,Correy,Beteriss,cbeterisskq@wikimedia.org,27
748,Samuele,Baumaier,sbaumaierkr@livejournal.com,35
749,Luther,Brugemann,lbrugemannks@dailymail.co.uk,18
750,Dalston,Peinton,dpeintonkt@csmonitor.com,34
751,Jamima,Allso,jallsoku@boston.com,18
752,Marissa,Butt Gow,mbuttgowkv@howstuffworks.com,38
753,Juline,Astlet,jastletkw@prlog.org,27
754,Sammie,Stuttard,sstuttardkx@usatoday.com,19
755,Xylia,Trahmel,xtrahmelky@bizjournals.com,18
756,Georgie,Putton,gputtonkz@exblog.jp,28
757,Maitilde,Barr,mbarrl0@indiegogo.com,32
758,Arturo,Truggian,atruggianl1@macromedia.com,26
759,Jude,Highwood,jhighwoodl2@cdc.gov,19
760,Benjie,Tieraney,btieraneyl3@odnoklassniki.ru,23
761,Cahra,Worling,cworlingl4@mac.com,15
762,Marchelle,Gillebride,mgillebridel5@latimes.com,25
763,Pavia,Gennrich,pgennrichl6@4shared.com,16
764,Barbabas,Barford,bbarfordl7@etsy.com,24
765,Lauren,Elgy,lelgyl8@theatlantic.com,29
766,Arleen,Karpychev,akarpychevl9@ihg.com,16
767,Nickolaus,Secret,nsecretla@xrea.com,33
768,Tyler,Snelgrove,tsnelgrovelb@mapquest.com,37
769,Barnabas,Fredson,bfredsonlc@arstechnica.com,31
770,Ronnica,Pennings,rpenningsld@twitter.com,39
771,Victoir,Augie,vaugiele@behance.net,15
772,Wandie,Kitchingman,wkitchingmanlf@photobucket.com,29
773,Mario,Basketfield,mbasketfieldlg@chicagotribune.com,25
774,Anderea,Mongan,amonganlh@blog.com,37
775,Rowan,Jukubczak,rjukubczakli@issuu.com,17
776,Jordain,Mesant,jmesantlj@si.edu,29
777,Tabbie,Blackall,tblackalllk@qq.com,22
778,Gilemette,Greystock,ggreystockll@spiegel.de,30
779,Teri,Sollett,tsollettlm@hexun.com,18
780,Tessi,Leinweber,tleinweberln@e-recht24.de,36
781,Phil,Tuxill,ptuxilllo@army.mil,35
782,Scot,Michelotti,smichelottilp@constantcontact.com,37
783,Stevy,Charlick,scharlicklq@discuz.net,27
784,Cornelia,Van der Mark,cvandermarklr@narod.ru,31
785,Zonnya,Ray,zrayls@drupal.org,23
786,Nicholas,Dumphry,ndumphrylt@quantcast.com,16
787,Karoly,Tantrum,ktantrumlu@imgur.com,30
788,Bonny,Jerdan,bjerdanlv@upenn.edu,24
789,Sharon,Leslie,sleslielw@oracle.com,33
790,Clemence,Cassimer,ccassimerlx@mapquest.com,30
791,Fulton,Morrant,fmorrantly@craigslist.org,22
792,Kristel,Jessel,kjessellz@i2i.jp,23
793,Jemmy,Hultberg,jhultbergm0@webeden.co.uk,35
794,Judas,Merrington,jmerringtonm1@elpais.com,19
795,Shurlocke,Saxton,ssaxtonm2@ezinearticles.com,17
796,Mallissa,Juzek,mjuzekm3@fema.gov,15
797,Michel,Nestor,mnestorm4@msu.edu,26
798,Winnie,Layman,wlaymanm5@ucsd.edu,40
799,Ricky,Crosse,rcrossem6@businessweek.com,27
800,Rafael,Rookes,rrookesm7@dell.com,29
801,Martita,Wanka,mwankam8@buzzfeed.com,29
802,Waring,Halvorsen,whalvorsenm9@springer.com,35
803,Sebastien,Pendreigh,spendreighma@ihg.com,39
804,Fiann,Bielfelt,fbielfeltmb@ow.ly,38
805,Teressa,Dahlback,tdahlbackmc@hc360.com,36
806,Hally,Dobbings,hdobbingsmd@google.it,29
807,Lorilyn,McGebenay,lmcgebenayme@bing.com,23
808,Oona,Mayzes,omayzesmf@ovh.net,22
809,Tymothy,Paddison,tpaddisonmg@cmu.edu,23
810,Mendy,Bullerwell,mbullerwellmh@infoseek.co.jp,19
811,Elsworth,Middlemiss,emiddlemissmi@hao123.com,27
812,Isabeau,Jukubczak,ijukubczakmj@usnews.com,39
813,Tisha,Saker,tsakermk@godaddy.com,20
814,Donia,Warsap,dwarsapml@nymag.com,30
815,Gallagher,Zealy,gzealymm@twitter.com,31
816,Donalt,Darracott,ddarracottmn@ask.com,40
817,Estrella,Eyer,eeyermo@oracle.com,19
818,Arluene,Kemmer,akemmermp@ft.com,35
819,Dill,Conford,dconfordmq@jiathis.com,17
820,Aviva,Franzel,afranzelmr@qq.com,28
821,Toby,Pearle,tpearlems@naver.com,32
822,Orel,Magnar,omagnarmt@nature.com,20
823,Corrie,Gilyott,cgilyottmu@go.com,36
824,Lanie,Blizard,lblizardmv@dailymotion.com,33
825,Devon,Strowger,dstrowgermw@icq.com,36
826,Correy,Rishman,crishmanmx@marketwatch.com,18
827,Sherilyn,Lars,slarsmy@ovh.net,35
828,Krissie,Wassung,kwassungmz@fotki.com,20
829,Gayle,MacGeaney,gmacgeaneyn0@icio.us,38
830,Beret,Crookston,bcrookstonn1@about.com,23
831,Bennie,Bischof,bbischofn2@list-manage.com,34
832,Minna,Poulett,mpoulettn3@abc.net.au,24
833,Rebekah,Flexman,rflexmann4@google.com.hk,30
834,Les,Fricke,lfricken5@shareasale.com,37
835,Janek,Gruby,jgrubyn6@w3.org,17
836,Ddene,Tommasetti,dtommasettin7@dagondesign.com,19
837,Enrica,Allenson,eallensonn8@sohu.com,33
838,Zara,Henkmann,zhenkmannn9@artisteer.com,16
839,Sindee,Shubotham,sshubothamna@tripod.com,29
840,Dee,Saggers,dsaggersnb@state.tx.us,25
841,Steward,Huxtable,shuxtablenc@bloomberg.com,15
842,Eustacia,Schulze,eschulzend@about.com,40
843,Delmar,Gouck,dgouckne@ameblo.jp,18
844,Kaile,Blankhorn,kblankhornnf@ted.com,26
845,Julie,Buckeridge,jbuckeridgeng@nps.gov,28
846,Wheeler,Plinck,wplincknh@house.gov,30
847,Florance,Fost,ffostni@google.co.uk,20
848,Archibaldo,Boodell,aboodellnj@census.gov,24
849,Jaine,Kibbel,jkibbelnk@loc.gov,35
850,Claudio,Ebbs,cebbsnl@aboutads.info,34
851,Dorotea,Lorenzetti,dlorenzettinm@4shared.com,18
852,Annemarie,Illyes,aillyesnn@howstuffworks.com,30
853,Felicle,Kingsley,fkingsleyno@xinhuanet.com,32
854,Kienan,Tonepohl,ktonepohlnp@technorati.com,22
855,Farah,MacCardle,fmaccardlenq@parallels.com,30
856,Brant,Myford,bmyfordnr@usatoday.com,30
857,Griffith,Grenshiels,ggrenshielsns@amazonaws.com,20
858,Aurora,Roscher,aroschernt@mail.ru,28
859,Caroline,Esselen,cesselennu@bloglines.com,26
860,Van,Abramovici,vabramovicinv@issuu.com,21
861,Gerri,Kettell,gkettellnw@abc.net.au,34
862,Suki,De Blasiis,sdeblasiisnx@tamu.edu,15
863,Billy,Levay,blevayny@pbs.org,36
864,Leicester,Romayne,lromaynenz@cdc.gov,34
865,Jo-anne,Grievson,jgrievsono0@time.com,32
866,Lodovico,Iacovino,liacovinoo1@marketwatch.com,32
867,Jone,Frenzel;,jfrenzelo2@example.com,20
868,Clovis,Allaker,callakero3@themeforest.net,27
869,Mirabella,Kitchenside,mkitchensideo4@phpbb.com,39
870,Smitty,Tenny,stennyo5@blogger.com,21
871,Roldan,Gerriets,rgerrietso6@slideshare.net,31
872,Dorthea,Churchin,dchurchino7@feedburner.com,26
873,Barrett,Wulfinger,bwulfingero8@psu.edu,34
874,Mark,Gurr,mgurro9@google.com,26
875,Rachel,Canete,rcaneteoa@buzzfeed.com,27
876,Keslie,Dykes,kdykesob@creativecommons.org,37
877,Ursa,Edington,uedingtonoc@princeton.edu,30
878,Lukas,Larmour,llarmourod@acquirethisname.com,36
879,Oren,Boxall,oboxalloe@cisco.com,26
880,Dante,Bluck,dbluckof@infoseek.co.jp,27
881,Samuele,Negal,snegalog@amazonaws.com,28
882,Marrissa,Iliff,miliffoh@cornell.edu,31
883,Bernete,Dobbison,bdobbisonoi@youku.com,18
884,Micheil,Wones,mwonesoj@theguardian.com,22
885,Nariko,Carryer,ncarryerok@sun.com,30
886,Marigold,Lotte,mlotteol@360.cn,19
887,Rem,Duggan,rdugganom@printfriendly.com,18
888,Ailee,Bernardeau,abernardeauon@ocn.ne.jp,17
889,Neely,Pennone,npennoneoo@reference.com,25
890,Ingaborg,Bollom,ibollomop@123-reg.co.uk,34
891,Mellisent,Elvins,melvinsoq@google.com.au,31
892,Zahara,Farquarson,zfarquarsonor@engadget.com,38
893,Casi,Goley,cgoleyos@pinterest.com,30
894,Deni,Vasyushkhin,dvasyushkhinot@geocities.com,22
895,Donnie,Cecere,dcecereou@marketwatch.com,38
896,Lavinie,Watson,lwatsonov@bravesites.com,16
897,Teresina,Lebarree,tlebarreeow@quantcast.com,18
898,Miller,Crummy,mcrummyox@hud.gov,33
899,Trista,Rosas,trosasoy@people.com.cn,27
900,Shandie,Chorlton,schorltonoz@hugedomains.com,36
901,Abramo,Aristide,aaristidep0@skype.com,36
902,Clarance,Belloch,cbellochp1@addthis.com,20
903,Morgen,Irons,mironsp2@4shared.com,38
904,Bradan,Inns,binnsp3@ezinearticles.com,34
905,Worthington,Withull,wwithullp4@cdc.gov,21
906,Esther,Knee,ekneep5@sohu.com,25
907,Hanny,Haker,hhakerp6@yahoo.co.jp,20
908,Cindelyn,Kybert,ckybertp7@hexun.com,26
909,Bel,Mattusov,bmattusovp8@hatena.ne.jp,33
910,Zitella,Sawford,zsawfordp9@baidu.com,20
911,Guglielmo,Waddams,gwaddamspa@addtoany.com,27
912,Thurston,Sollom,tsollompb@ehow.com,24
913,Salvador,Jarley,sjarleypc@indiegogo.com,17
914,Shelden,Kinningley,skinningleypd@furl.net,26
915,Veronique,Klugel,vklugelpe@cocolog-nifty.com,27
916,Maura,Faucett,mfaucettpf@elegantthemes.com,15
917,Katee,Giacomoni,kgiacomonipg@simplemachines.org,23
918,Odele,McCarly,omccarlyph@a8.net,29
919,Augustin,Dominguez,adominguezpi@phpbb.com,20
920,Tedra,Loddy,tloddypj@marriott.com,36
921,Warren,Scarffe,wscarffepk@pen.io,29
922,Wolfgang,Dunsire,wdunsirepl@kickstarter.com,30
923,Shaine,Rumney,srumneypm@google.com,18
924,Sephira,Goldstein,sgoldsteinpn@tuttocitta.it,20
925,Hatty,Littledike,hlittledikepo@clickbank.net,15
926,Fabiano,Garvie,fgarviepp@springer.com,26
927,Wilone,Wrathmell,wwrathmellpq@squarespace.com,33
928,Dale,De Ath,ddeathpr@illinois.edu,34
929,Filmer,Hawkings,fhawkingsps@army.mil,39
930,Constantine,Youngman,cyoungmanpt@surveymonkey.com,29
931,Corrinne,Pole,cpolepu@ehow.com,19
932,Berni,Gunning,bgunningpv@blogspot.com,26
933,Dannie,Whitley,dwhitleypw@arstechnica.com,24
934,Max,Neames,mneamespx@youtube.com,32
935,Karlee,McCartney,kmccartneypy@exblog.jp,26
936,Bartholomeo,Humber,bhumberpz@is.gd,27
937,Riva,Cheak,rcheakq0@google.nl,25
938,Kaine,Nuttey,knutteyq1@ucsd.edu,24
939,Collen,Kehir,ckehirq2@gnu.org,31
940,Vern,Hursey,vhurseyq3@timesonline.co.uk,30
941,Shaylyn,Shevell,sshevellq4@nydailynews.com,27
942,Goldie,Clewett,gclewettq5@shinystat.com,26
943,Jaime,Veque,jvequeq6@livejournal.com,18
944,Jarid,Mulloch,jmullochq7@friendfeed.com,19
945,Larine,Panketh,lpankethq8@tripadvisor.com,30
946,Barnabe,Warrior,bwarriorq9@domainmarket.com,17
947,Chadd,Ketley,cketleyqa@ucsd.edu,18
948,Henderson,Bawme,hbawmeqb@china.com.cn,22
949,Lek,Walrond,lwalrondqc@gizmodo.com,28
950,Esme,Faunch,efaunchqd@japanpost.jp,20
951,Vite,Ancliffe,vancliffeqe@artisteer.com,28
952,Alexandr,Robelin,arobelinqf@cafepress.com,31
953,Karlis,Shotboult,kshotboultqg@uiuc.edu,17
954,Corilla,Bridgwater,cbridgwaterqh@foxnews.com,29
955,Maressa,Blackhurst,mblackhurstqi@hibu.com,15
956,Karoly,Corneliussen,kcorneliussenqj@blogger.com,21
957,Bernardine,Attfield,battfieldqk@ezinearticles.com,40
958,Roarke,Danielian,rdanielianql@abc.net.au,33
959,Algernon,Snelle,asnelleqm@taobao.com,22
960,Kimberlyn,Braddock,kbraddockqn@aboutads.info,37
961,Darda,Haughan,dhaughanqo@livejournal.com,29
962,Jesse,Haywood,jhaywoodqp@ed.gov,17
963,Lenci,Spellecy,lspellecyqq@reverbnation.com,31
964,Denney,Irvin,dirvinqr@google.es,30
965,Winny,Lardeux,wlardeuxqs@blogspot.com,39
966,Vita,Plaister,vplaisterqt@reddit.com,38
967,Normy,Figure,nfigurequ@washingtonpost.com,34
968,Blythe,Longrigg,blongriggqv@livejournal.com,28
969,Allison,Goroni,agoroniqw@people.com.cn,34
970,Britni,Langmuir,blangmuirqx@friendfeed.com,21
971,Gussy,McCarlich,gmccarlichqy@stumbleupon.com,17
972,Lanna,Reoch,lreochqz@narod.ru,32
973,Dorisa,Tolland,dtollandr0@utexas.edu,27
974,Hamlin,Kennington,hkenningtonr1@umich.edu,15
975,Willdon,Richard,wrichardr2@rambler.ru,29
976,Gibby,Turville,gturviller3@chicagotribune.com,22
977,Hew,Bullion,hbullionr4@blogspot.com,19
978,Shane,Soper,ssoperr5@narod.ru,23
979,Seline,Chaffen,schaffenr6@globo.com,29
980,Gay,Beringer,gberingerr7@whitehouse.gov,29
981,Tobin,Roadknight,troadknightr8@sohu.com,33
982,Nathanael,Olivo,nolivor9@last.fm,25
983,Neall,Dragoe,ndragoera@xing.com,40
984,Daisy,Arghent,darghentrb@devhub.com,40
985,Jaquelin,Finder,jfinderrc@webnode.com,40
986,Ysabel,Pevreal,ypevrealrd@hexun.com,20
987,Netta,Freemantle,nfreemantlere@nationalgeographic.com,35
988,Mata,Hachard,mhachardrf@godaddy.com,27
989,Stacie,Roycraft,sroycraftrg@miitbeian.gov.cn,32
990,Carlye,Powis,cpowisrh@wired.com,17
991,Eveline,Hawtry,ehawtryri@ocn.ne.jp,16
992,Devonna,Walster,dwalsterrj@nbcnews.com,26
993,Fonzie,Philler,fphillerrk@smh.com.au,17
994,Gary,Crosi,gcrosirl@columbia.edu,28
995,Herb,Copley,hcopleyrm@bigcartel.com,22
996,Cody,Mancell,cmancellrn@netscape.com,15
997,Hermon,Durrans,hdurransro@engadget.com,37
998,Gabe,Hawkeridge,ghawkeridgerp@blogtalkradio.com,38
999,Nadiya,Bonn,nbonnrq@si.edu,28
1000,Bobbie,Anney,banneyrr@vkontakte.ru,34
